{
  "values": [
    [
      18.852954158375,
      -4.60476083275464
    ],
    [
      18.980746296875,
      -4.61010257328685
    ],
    [
      19.098395217,
      -4.6144109976028
    ],
    [
      19.227292839,
      -4.61848359264874
    ],
    [
      19.356769125,
      -4.62191588683559
    ],
    [
      19.486825371,
      -4.6247225116329
    ],
    [
      19.606554182125,
      -4.62675788859435
    ],
    [
      19.737725640625,
      -4.62840523061803
    ],
    [
      19.858478912,
      -4.62940147811717
    ],
    [
      19.990770344,
      -4.62994044958998
    ],
    [
      20.112552439875,
      -4.62994340946277
    ],
    [
      20.245968606375,
      -4.62942313182554
    ],
    [
      20.368783891,
      -4.62847703145222
    ],
    [
      20.492094852125,
      -4.62709220897561
    ],
    [
      20.627182390625,
      -4.62509239918824
    ],
    [
      20.751532992,
      -4.6228210506665
    ],
    [
      20.876382355375,
      -4.62014010014637
    ],
    [
      21.001731479,
      -4.61705864071105
    ],
    [
      21.127581361125,
      -4.61358560932705
    ],
    [
      21.253933,
      -4.60972978931975
    ]
  ],
  "eos_fit": {
    "eos": "birch_murnaghan",
    "params": {
      "E0": -4.6299988055060854,
      "V0": 20.052288413586595,
      "B0": 0.6274140427133447,
      "B0P": 4.58306521408674
    }
  },
  "label": null
}
