{
  "values": [
    [
      19.737725640625,
      -111.749401534788
    ],
    [
      19.858478912,
      -111.755949930607
    ],
    [
      19.990770344,
      -111.762133973559
    ],
    [
      20.112552439875,
      -111.766983988987
    ],
    [
      20.245968606375,
      -111.771433850411
    ],
    [
      20.368783891,
      -111.774772196322
    ],
    [
      20.492094852125,
      -111.777418599142
    ],
    [
      20.627182390625,
      -111.77952746624
    ],
    [
      20.751532992,
      -111.780757392196
    ],
    [
      20.876382355375,
      -111.781329534919
    ],
    [
      21.001731479,
      -111.781264886258
    ],
    [
      21.127581361125,
      -111.780589501324
    ],
    [
      21.253933,
      -111.779334184443
    ]
  ],
  "eos_fit": {
    "eos": "birch_murnaghan",
    "params": {
      "E0": -111.78137225535497,
      "V0": 20.927931562522204,
      "B0": 0.8301766211100577,
      "B0P": 5.579725112130629
    }
  },
  "label": null
}
