{
  "label": "mp-149",
  "values": [
    [
      14.903786978935809,
      -4.7120965
    ],
    [
      15.406118537413635,
      -4.866909695
    ],
    [
      15.919611521920235,
      -4.99862686
    ],
    [
      16.44439515812897,
      -5.10921253
    ],
    [
      16.98058207943062,
      -5.200810795
    ],
    [
      17.52829835195504,
      -5.27448405
    ],
    [
      18.087673633742476,
      -5.331915665
    ],
    [
      18.658824870287006,
      -5.3744186
    ],
    [
      19.241874728438013,
      -5.403353105
    ],
    [
      19.836934347195406,
      -5.420058145
    ],
    [
      20.44414921504458,
      -5.425263555
    ],
    [
      21.063630702696003,
      -5.42036228
    ],
    [
      21.69548923990683,
      -5.40610838
    ],
    [
      22.339871726590797,
      -5.3836163
    ],
    [
      22.996888831272805,
      -5.353700425
    ],
    [
      23.666663220802242,
      -5.31714654
    ],
    [
      24.349310286658472,
      -5.27481447
    ],
    [
      25.0449610555875,
      -5.227210275
    ],
    [
      25.753743047873453,
      -5.174988295
    ],
    [
      26.47576529704139,
      -5.118805775
    ],
    [
      27.211165714157783,
      -5.058992615
    ]
  ],
  "eos_fit": {
    "eos": "mie_gruneisen",
    "params": {
      "E0": -5.424174243642085,
      "V0": 20.457825799402055,
      "B": 4.885893291144977,
      "C": 5.779859901782757
    }
  }
}
